metric,shared_vs_tissue_p,shared_vs_en_p,tissue_vs_en_p
expr_tau,0.03972564940303199,0.23916996860355857,0.10341320197638429
expr_top_to_median,0.2257281858013233,0.802548012781664,0.11941041875256646
